characterName,weaponName,routeId,pick_count,pick_rate,avg_rp_gain,median_rp_gain
리오,활,5212,5337,74.2%,0.2점,-18.0점
카티야,저격총,3959,4937,69.3%,1.0점,-16.0점
크레이버,권총,8431,4841,51.5%,-0.3점,-14.0점
가넷,방망이,1911,4006,82.1%,3.9점,-11.0점
츠바메,암기,9394,3969,67.7%,3.0점,-11.0점
유스티나,석궁,8007,3839,47.2%,0.4점,-15.0점
데비&마를렌,양손검,10311,3543,48.2%,0.3점,-14.0점
캐시,쌍검,5569,3182,82.6%,3.2점,-12.0점
이슈트반,창,18582,3118,46.7%,2.6점,-11.0점
아비게일,도끼,3687,3033,88.8%,3.6점,-11.0점
헤이즈,돌격소총,8193,3016,53.7%,-2.2점,-18.0점
수아,방망이,3073,3000,70.7%,6.3점,-9.5점
케네스,도끼,1757,2828,47.0%,3.2점,-13.0점
아드리아나,투척,28528,2461,46.6%,5.7점,-9.0점
니키,글러브,355,2330,30.1%,-1.7점,-18.0점
피올로,쌍절곤,8257,2287,69.1%,2.2점,-13.0점
버니스,저격총,88,2251,65.7%,4.9점,-10.0점
코렐라인,아르카나,1962,2061,68.8%,-1.9점,-18.0점
레녹스,채찍,205,2050,50.8%,2.6점,-11.0점
블레어,쌍검,8261,2046,53.8%,2.5점,-14.0점
일레븐,망치,1125,2020,82.7%,3.4점,-11.0점
쇼이치,단검,2792,1907,41.7%,-2.7점,-19.0점
윌리엄,투척,4717,1843,59.2%,1.7점,-14.0점
하트,기타,2801,1791,57.7%,1.2점,-15.0점
나딘,석궁,1,1756,44.4%,4.9점,-11.0점
펜리르,글러브,94,1705,44.3%,1.7점,-14.0점
비형,방망이,38463,1701,32.5%,3.2점,-13.0점
아야,저격총,4033,1692,63.3%,2.2점,-11.0점
마커스,도끼,35,1688,40.7%,1.2점,-18.0점
아델라,방망이,3815,1647,58.7%,3.3점,-14.0점
재키,양손검,6664,1492,60.9%,1.1점,-14.0점
유키,쌍검,23244,1476,44.1%,4.1점,-8.5점
실비아,권총,14182,1449,76.2%,3.7점,-10.0점
로지,권총,5446,1427,42.2%,3.1점,-14.0점
카밀로,레이피어,13319,1419,67.7%,1.1점,-17.0점
나타폰,카메라,14299,1398,73.3%,4.5점,-13.0점
아야,돌격소총,10525,1398,55.0%,5.0점,-8.5점
라우라,채찍,283,1356,48.6%,1.9점,-13.0점
유민,아르카나,2757,1338,25.9%,3.0점,-15.0점
이렘,투척,10662,1310,65.6%,3.4점,-12.0점
테오도르,저격총,303,1306,57.0%,3.8점,-13.0점
얀,톤파,42139,1306,42.2%,8.0점,-9.0점
칼라,석궁,266,1296,40.0%,1.3점,-11.5점
루크,방망이,16294,1289,26.3%,-0.2점,-17.0점
히스이,양손검,1023,1252,43.7%,-4.4점,-23.0점
비앙카,아르카나,12496,1244,57.2%,3.8점,-14.0점
아이솔,돌격소총,1889,1201,48.7%,1.9점,-11.0점
레온,글러브,3172,1153,30.9%,6.3점,-8.0점
루치아,저격총,29403,1146,28.8%,-5.1점,-23.0점
시셀라,암기,50,1109,51.4%,3.1점,-11.0점
펠릭스,창,1970,1080,38.1%,3.7점,-11.5점
제니,권총,13838,1021,47.2%,5.3점,-10.0점
키아라,레이피어,23039,989,36.3%,1.6점,-15.0점
레니,권총,700,982,71.1%,0.9점,-15.0점
띠아,방망이,23223,946,29.1%,2.8점,-12.0점
매그너스,망치,7705,930,37.1%,-0.7점,-20.0점
에키온,VF의수,7587,930,25.8%,4.1점,-13.0점
셀린,투척,4656,921,43.4%,4.0점,-15.0점
헨리,암기,49363,920,21.0%,8.4점,-8.5점
바바라,권총,7879,898,34.4%,0.4점,-17.5점
아이작,톤파,7799,895,27.1%,1.1점,-17.0점
미르카,망치,772,888,56.7%,2.8점,-14.0점
유키,양손검,2990,869,30.4%,8.4점,-6.0점
피오라,레이피어,10841,845,61.7%,3.3점,-11.0점
슈린,레이피어,2129,837,21.3%,4.1점,-13.0점
재키,쌍검,6665,831,47.2%,2.7점,-14.0점
자히르,투척,6642,780,44.5%,6.7점,-7.0점
현우,글러브,2001,773,62.3%,3.2점,-13.0점
클로에,암기,7373,772,53.7%,3.2점,-13.0점
샬럿,아르카나,4109,772,50.2%,4.0점,-15.0점
다르코,방망이,7578,737,15.3%,3.0점,-12.0점
엠마,암기,24113,736,46.7%,2.9점,-12.0점
마이,채찍,4127,687,66.1%,4.1점,-15.0점
다니엘,단검,2621,663,42.5%,2.4점,-10.0점
얀,글러브,3647,624,57.0%,-0.6점,-13.0점
알론소,글러브,237,623,25.0%,7.1점,-11.0점
타지아,암기,2577,613,49.0%,0.8점,-19.0점
니아,권총,4157,611,17.5%,5.2점,-9.0점
리 다이린,글러브,74,591,42.6%,7.8점,-8.0점
재키,도끼,39047,567,46.1%,0.4점,-16.0점
자히르,암기,3087,564,66.0%,8.2점,-9.5점
마르티나,카메라,563,563,46.1%,2.4점,-13.0점
에이든,양손검,24118,516,20.5%,3.5점,-11.5점
아야,권총,4236,501,42.3%,-1.4점,-15.0점
마커스,망치,6454,492,42.8%,-3.4점,-19.0점
시셀라,투척,31129,460,26.2%,4.6점,-10.0점
아디나,아르카나,3063,457,32.3%,5.8점,-8.0점
에스텔,도끼,3316,456,17.2%,0.8점,-18.0점
르노어,기타,13051,451,18.5%,8.9점,-11.0점
아르다,아르카나,499,445,27.9%,1.7점,-17.0점
바냐,아르카나,6398,435,28.0%,-2.9점,-18.0점
이바,투척,15700,414,31.0%,-2.5점,-19.0점
카밀로,쌍검,5422,400,22.3%,3.3점,-20.0점
쇼우,창,675,398,41.9%,1.6점,-8.0점
아델라,레이피어,1076,382,35.4%,0.3점,-14.0점
엠마,아르카나,3465,372,43.4%,-1.2점,-17.5점
캐시,단검,3407,318,40.3%,9.8점,-5.5점
현우,톤파,7379,310,40.8%,2.0점,-13.0점
이안,단검,3569,309,43.0%,4.0점,-10.0점
리 다이린,쌍절곤,7527,305,45.8%,2.5점,-16.0점
아이솔,권총,23294,305,21.9%,4.8점,-9.0점
프리야,기타,817,300,26.5%,-2.5점,-21.0점
쇼우,단검,7089,298,44.3%,5.5점,-9.5점
피오라,양손검,13857,280,70.7%,-1.8점,-16.0점
피오라,창,51453,272,32.4%,1.4점,-15.0점
혜진,암기,13893,250,38.3%,9.3점,-8.5점
재키,단검,7260,246,43.9%,2.0점,-12.0점
매그너스,방망이,19300,226,24.2%,5.3점,-11.0점
혜진,활,23888,213,19.6%,4.3점,-4.0점
요한,아르카나,8477,163,39.0%,10.8점,-10.0점
엘레나,레이피어,6661,130,8.7%,9.9점,-10.5점
레온,톤파,8313,126,100.0%,-0.9점,-14.5점
알렉스,톤파,24333,113,36.7%,10.6점,3.0점
나딘,활,8378,95,34.1%,6.0점,-11.0점
수아,망치,333,57,48.3%,8.0점,-14.0점
현재 총 누적 : 64442,,,,,, 
